列车名称,总车厢数,识别正确数,参与统计数,准确率(%),统计时间
20250915071121,14,14,14,100.00,2025-09-15 14:52:17
20250915023923,47,45,47,95.74,2025-09-15 14:52:17
20250915011538,54,54,54,100.00,2025-09-15 14:52:17
20250914223456,5,5,5,100.00,2025-09-15 14:52:17
20250914205408,45,45,45,100.00,2025-09-15 14:52:17
20250914144113,41,39,40,97.50,2025-09-15 14:52:18
20250914131155,52,49,49,100.00,2025-09-15 14:52:18
20250914053812,46,46,46,100.00,2025-09-15 14:52:18
20250914025851,48,45,48,93.75,2025-09-15 14:52:18
20250914015606,52,38,52,73.08,2025-09-15 14:52:19
20250913233648,50,50,50,100.00,2025-09-15 14:52:19
20250913193011,50,48,50,96.00,2025-09-15 14:52:19
20250913141814,3,3,3,100.00,2025-09-15 14:52:19
20250913102353,24,16,22,72.73,2025-09-15 14:52:19
20250913033323,52,52,52,100.00,2025-09-15 14:52:20
20250913020602,4,4,4,100.00,2025-09-15 14:52:20
20250912213641,53,50,53,94.34,2025-09-15 14:52:20
20250912191641,27,25,27,92.59,2025-09-15 14:52:20
20250912173509,50,42,50,84.00,2025-09-15 14:52:20
20250912105417,54,54,54,100.00,2025-09-15 14:52:21
20250912011842,2,2,2,100.00,2025-09-15 14:52:21
20250911194943,32,30,30,100.00,2025-09-15 14:52:21
20250911172234,49,48,49,97.96,2025-09-15 14:52:21
20250911152108,49,49,49,100.00,2025-09-15 14:52:21
20250911135733,52,52,52,100.00,2025-09-15 14:52:22
20250911051918,3,3,3,100.00,2025-09-15 14:52:22
20250910143325,50,50,50,100.00,2025-09-15 14:52:22
20250910111030,48,48,48,100.00,2025-09-15 14:52:22
20250910065809,53,49,52,94.23,2025-09-15 14:52:22
20250910050406,40,40,40,100.00,2025-09-15 14:52:23
20250909104620,48,47,48,97.92,2025-09-15 14:52:23
20250909070836,47,47,47,100.00,2025-09-15 14:52:23
20250908232102,53,53,53,100.00,2025-09-15 14:52:23
20250908221201,49,43,49,87.76,2025-09-15 14:52:24
20250908191824,54,54,54,100.00,2025-09-15 14:52:24
20250908064101,48,44,48,91.67,2025-09-15 14:52:24
20250907233120,30,29,30,96.67,2025-09-15 14:52:24
20250907201547,53,52,53,98.11,2025-09-15 14:52:24
20250907064725,53,51,53,96.23,2025-09-15 14:52:25
20250907013701,39,37,39,94.87,2025-09-15 14:52:25
20250906202646,53,50,53,94.34,2025-09-15 14:52:25
20250906111655,51,9,51,17.65,2025-09-15 14:52:25
20250906093103,50,50,50,100.00,2025-09-15 14:52:26
20250905202457,28,26,28,92.86,2025-09-15 14:52:26
20250905191640,49,49,49,100.00,2025-09-15 14:52:26
20250905142425,53,53,53,100.00,2025-09-15 14:52:26
20250905104404,49,49,49,100.00,2025-09-15 14:52:27
20250904192810,9,8,9,88.89,2025-09-15 14:52:27
20250904152353,48,48,48,100.00,2025-09-15 14:52:27
20250904140627,49,49,49,100.00,2025-09-15 14:52:27
20250904125455,52,47,47,100.00,2025-09-15 14:52:28
20250904105751,46,46,46,100.00,2025-09-15 14:52:28
20250904045901,51,49,51,96.08,2025-09-15 14:52:29
20250904042051,4,4,4,100.00,2025-09-15 14:52:30
20250903220316,49,48,49,97.96,2025-09-15 14:52:30
20250903194158,54,54,54,100.00,2025-09-15 14:52:31
20250903175021,49,49,49,100.00,2025-09-15 14:52:31
20250903143457,4,4,4,100.00,2025-09-15 14:52:32
20250903133505,50,48,50,96.00,2025-09-15 14:52:32
20250903125001,5,3,5,60.00,2025-09-15 14:52:32
20250903103419,51,51,51,100.00,2025-09-15 14:52:33
20250903092641,5,4,5,80.00,2025-09-15 14:52:33
20250903091553,42,42,42,100.00,2025-09-15 14:52:33
20250903043527,48,48,48,100.00,2025-09-15 14:52:33
20250903031328,53,53,53,100.00,2025-09-15 14:52:33
20250902235359,53,53,53,100.00,2025-09-15 14:52:34
20250902223651,46,38,46,82.61,2025-09-15 14:52:34
20250902203014,47,45,47,95.74,2025-09-15 14:52:35
20250902155811,11,9,9,100.00,2025-09-15 14:52:35
20250902154017,49,49,49,100.00,2025-09-15 14:52:35
20250902111938,51,51,51,100.00,2025-09-15 14:52:35
20250902102002,5,4,5,80.00,2025-09-15 14:52:35
20250902094845,47,45,47,95.74,2025-09-15 14:52:36
20250902054353,53,52,53,98.11,2025-09-15 14:52:36
20250901225307,3,3,3,100.00,2025-09-15 14:52:36
20250901211017,53,53,53,100.00,2025-09-15 14:52:36
20250901195710,53,53,53,100.00,2025-09-15 14:52:36
20250901151013,49,48,49,97.96,2025-09-15 14:52:37
20250901135138,54,53,54,98.15,2025-09-15 14:52:37
20250901013938,54,53,54,98.15,2025-09-15 14:52:37
20250831212027,50,50,50,100.00,2025-09-15 14:52:37
20250831195223,52,52,52,100.00,2025-09-15 14:52:38
20250830213042,3,2,3,66.67,2025-09-15 14:52:38
20250830200452,51,21,51,41.18,2025-09-15 14:52:38
20250830163834,15,15,15,100.00,2025-09-15 14:52:38
20250830152624,51,51,51,100.00,2025-09-15 14:52:39
20250830012847,4,3,4,75.00,2025-09-15 14:52:39
20250829194312,29,26,29,89.66,2025-09-15 14:52:39
20250829182328,16,15,16,93.75,2025-09-15 14:52:39
20250829180104,35,35,35,100.00,2025-09-15 14:52:39
20250829103407,34,34,34,100.00,2025-09-15 14:52:39
20250829081507,52,52,52,100.00,2025-09-15 14:52:40
20250829071422,5,5,5,100.00,2025-09-15 14:52:40
20250829065928,42,42,42,100.00,2025-09-15 14:52:40
20250829051822,3,3,3,100.00,2025-09-15 14:52:40
20250829021256,51,50,51,98.04,2025-09-15 14:52:40
20250828203905,27,26,26,100.00,2025-09-15 14:52:40
20250828193138,53,52,53,98.11,2025-09-15 14:52:41
20250828144150,11,11,11,100.00,2025-09-15 14:52:41
20250828132944,50,50,50,100.00,2025-09-15 14:52:41
20250828102302,4,3,4,75.00,2025-09-15 14:52:41
20250828023942,49,49,49,100.00,2025-09-15 14:52:41
20250828011207,52,50,52,96.15,2025-09-15 14:52:41
20250827200828,54,54,54,100.00,2025-09-15 14:52:42
20250827150243,53,53,53,100.00,2025-09-15 14:52:42
20250827104746,0,0,0,0.00,2025-09-15 14:52:42
20250827062537,54,54,54,100.00,2025-09-15 14:52:42
20250826222927,41,41,41,100.00,2025-09-15 14:52:43
20250826184845,51,51,51,100.00,2025-09-15 14:52:44
20250826172247,49,49,49,100.00,2025-09-15 14:52:46
20250826151510,51,50,51,98.04,2025-09-15 14:52:47
20250826134525,55,55,55,100.00,2025-09-15 14:52:47
20250826104231,38,38,38,100.00,2025-09-15 14:52:47
20250826064720,3,3,3,100.00,2025-09-15 14:52:47
20250826053545,54,54,54,100.00,2025-09-15 14:52:48
20250826025343,42,42,42,100.00,2025-09-15 14:52:48
20250825204240,50,50,50,100.00,2025-09-15 14:52:48
20250825173437,50,50,50,100.00,2025-09-15 14:52:48
20250825134936,4,4,4,100.00,2025-09-15 14:52:48
20250825121622,46,46,46,100.00,2025-09-15 14:52:49
20250825111521,49,49,49,100.00,2025-09-15 14:52:49
20250825034412,48,47,48,97.92,2025-09-15 14:52:49
20250824232205,53,53,53,100.00,2025-09-15 14:52:49
20250824221650,53,52,53,98.11,2025-09-15 14:52:50
20250824152143,54,54,54,100.00,2025-09-15 14:52:50
20250824131329,53,53,53,100.00,2025-09-15 14:52:50
20250824111851,53,53,53,100.00,2025-09-15 14:52:51
20250824092215,7,7,7,100.00,2025-09-15 14:52:51
20250824091055,41,41,41,100.00,2025-09-15 14:52:51
20250824043334,44,44,44,100.00,2025-09-15 14:52:51
20250824032720,52,50,52,96.15,2025-09-15 14:52:51
20250823231832,53,53,53,100.00,2025-09-15 14:52:52
20250823220916,13,13,13,100.00,2025-09-15 14:52:52
20250823180239,53,53,53,100.00,2025-09-15 14:52:52
20250823131905,54,54,54,100.00,2025-09-15 14:52:52
20250823104442,40,39,40,97.50,2025-09-15 14:52:53
20250823050145,54,54,54,100.00,2025-09-15 14:52:53
20250823035355,53,53,53,100.00,2025-09-15 14:52:53
20250822230523,3,3,3,100.00,2025-09-15 14:52:53
20250822213612,47,46,47,97.87,2025-09-15 14:52:54
20250822195530,53,51,53,96.23,2025-09-15 14:52:54
20250822144805,50,49,49,100.00,2025-09-15 14:52:54
20250822133608,40,35,35,100.00,2025-09-15 14:52:54
20250822025251,49,49,49,100.00,2025-09-15 14:52:55
20250821222745,54,53,54,98.15,2025-09-15 14:52:55
20250821204948,4,4,4,100.00,2025-09-15 14:52:55
20250821190211,47,47,47,100.00,2025-09-15 14:52:55
20250821174617,54,54,54,100.00,2025-09-15 14:52:55
20250821120612,49,49,49,100.00,2025-09-15 14:52:56
20250821051048,31,29,31,93.55,2025-09-15 14:52:56
20250821030222,53,53,53,100.00,2025-09-15 14:52:56
20250821021355,49,48,49,97.96,2025-09-15 14:52:56
20250821004927,48,12,48,25.00,2025-09-15 14:52:57
20250820165144,53,53,53,100.00,2025-09-15 14:52:57
20250820143317,55,55,55,100.00,2025-09-15 14:52:58
20250820102115,52,51,52,98.08,2025-09-15 14:53:01
20250820062544,53,52,53,98.11,2025-09-15 14:53:02
20250820011734,47,47,47,100.00,2025-09-15 14:53:02
20250819230050,48,48,48,100.00,2025-09-15 14:53:03
20250819214219,24,24,24,100.00,2025-09-15 14:53:03
20250819185135,42,42,42,100.00,2025-09-15 14:53:03
20250819165914,52,52,52,100.00,2025-09-15 14:53:03
20250818221005,27,23,23,100.00,2025-09-15 14:53:03
20250818205625,2,2,2,100.00,2025-09-15 14:53:03
20250818174728,53,53,53,100.00,2025-09-15 14:53:04
20250818154318,54,54,54,100.00,2025-09-15 14:53:04
20250818065203,52,46,46,100.00,2025-09-15 14:53:04
20250818034914,3,3,3,100.00,2025-09-15 14:53:04
20250817231422,7,7,7,100.00,2025-09-15 14:53:04
20250817152956,20,18,18,100.00,2025-09-15 14:53:04
20250817105724,53,53,53,100.00,2025-09-15 14:53:05
20250817043049,5,5,5,100.00,2025-09-15 14:53:05
20250817032755,53,52,53,98.11,2025-09-15 14:53:05
20250817030128,8,8,8,100.00,2025-09-15 14:53:05
20250817015814,39,37,39,94.87,2025-09-15 14:53:05
20250816153154,50,50,50,100.00,2025-09-15 14:53:06
20250816112754,50,50,50,100.00,2025-09-15 14:53:06
20250816092217,6,6,6,100.00,2025-09-15 14:53:06
20250816055336,3,3,3,100.00,2025-09-15 14:53:06
20250816005943,53,50,53,94.34,2025-09-15 14:53:06
20250815204037,48,48,48,100.00,2025-09-15 14:53:06
20250815190411,4,3,4,75.00,2025-09-15 14:53:06
20250815151445,53,53,53,100.00,2025-09-15 14:53:07
20250815121103,39,39,39,100.00,2025-09-15 14:53:07
20250815102212,14,14,14,100.00,2025-09-15 14:53:07
20250815091119,51,51,51,100.00,2025-09-15 14:53:07
20250815015757,53,53,53,100.00,2025-09-15 14:53:07
20250814144636,48,48,48,100.00,2025-09-15 14:53:08
20250814131210,51,51,51,100.00,2025-09-15 14:53:08
20250814091258,53,53,53,100.00,2025-09-15 14:53:08
20250814011446,53,53,53,100.00,2025-09-15 14:53:08
20250813174813,52,52,52,100.00,2025-09-15 14:53:09
20250813111822,38,38,38,100.00,2025-09-15 14:53:09
20250813100814,53,53,53,100.00,2025-09-15 14:53:09
20250813021216,51,50,50,100.00,2025-09-15 14:53:09
20250813010801,53,53,53,100.00,2025-09-15 14:53:09
20250812152433,50,46,46,100.00,2025-09-15 14:53:10
20250812142530,53,53,53,100.00,2025-09-15 14:53:10
20250812020644,51,50,51,98.04,2025-09-15 14:53:10
20250811224043,52,47,52,90.38,2025-09-15 14:53:10
20250811064240,51,51,51,100.00,2025-09-15 14:53:11
20250810224622,17,16,17,94.12,2025-09-15 14:53:11
20250810215640,54,52,54,96.30,2025-09-15 14:53:11
20250810210050,48,29,48,60.42,2025-09-15 14:53:11
20250810171431,53,27,53,50.94,2025-09-15 14:53:11
20250810154037,51,45,51,88.24,2025-09-15 14:53:12
20250810135413,39,39,39,100.00,2025-09-15 14:53:12
20250810112101,1,1,1,100.00,2025-09-15 14:53:12
20250810103451,52,52,52,100.00,2025-09-15 14:53:12
20250810005949,40,40,40,100.00,2025-09-15 14:53:12
20250809203515,31,30,31,96.77,2025-09-15 14:53:13
20250809191022,49,49,49,100.00,2025-09-15 14:53:13
20250809165859,54,54,54,100.00,2025-09-15 14:53:13
20250809141643,0,0,0,0.00,2025-09-15 14:53:13
20250809104526,54,54,54,100.00,2025-09-15 14:53:13
20250809092334,40,40,40,100.00,2025-09-15 14:53:13
20250809023035,8,8,8,100.00,2025-09-15 14:53:14
20250809005507,1,1,1,100.00,2025-09-15 14:53:14
20250808210542,54,52,54,96.30,2025-09-15 14:53:14
20250808135530,43,42,42,100.00,2025-09-15 14:53:14
20250808124953,25,21,21,100.00,2025-09-15 14:53:14
20250808102442,3,3,3,100.00,2025-09-15 14:53:14
20250808095508,29,29,29,100.00,2025-09-15 14:53:15
20250808084823,9,9,9,100.00,2025-09-15 14:53:16
20250808025554,15,15,15,100.00,2025-09-15 14:53:17
20250808011736,4,4,4,100.00,2025-09-15 14:53:17
20250807224827,3,3,3,100.00,2025-09-15 14:53:17
20250807212311,47,45,46,97.83,2025-09-15 14:53:17
20250807152016,49,49,49,100.00,2025-09-15 14:53:19
20250807132927,4,4,4,100.00,2025-09-15 14:53:19
20250807111409,52,52,52,100.00,2025-09-15 14:53:20
20250807093511,3,3,3,100.00,2025-09-15 14:53:20
20250807043821,50,46,50,92.00,2025-09-15 14:53:20
20250807022900,51,49,50,98.00,2025-09-15 14:53:21
20250807011245,11,11,11,100.00,2025-09-15 14:53:21
20250806185309,4,4,4,100.00,2025-09-15 14:53:21
20250806055053,12,12,12,100.00,2025-09-15 14:53:21
20250806053057,7,7,7,100.00,2025-09-15 14:53:21
20250805225553,53,51,53,96.23,2025-09-15 14:53:22
20250805213225,54,53,54,98.15,2025-09-15 14:53:22
20250804182310,54,52,54,96.30,2025-09-15 14:53:22
20250804172123,53,51,53,96.23,2025-09-15 14:53:23
20250804171224,54,53,54,98.15,2025-09-15 14:53:23
20250804045809,51,51,51,100.00,2025-09-15 14:53:23
20250803220043,50,48,49,97.96,2025-09-15 14:53:24
20250803210320,49,49,49,100.00,2025-09-15 14:53:25
20250803195643,51,51,51,100.00,2025-09-15 14:53:25
20250803091549,51,51,51,100.00,2025-09-15 14:53:26
20250802134356,52,49,52,94.23,2025-09-15 14:53:26
20250802102401,47,46,47,97.87,2025-09-15 14:53:27
20250802090747,27,25,27,92.59,2025-09-15 14:53:27
20250802090211,20,19,20,95.00,2025-09-15 14:53:27
20250802062724,1,1,1,100.00,2025-09-15 14:53:27
20250802052337,52,50,52,96.15,2025-09-15 14:53:27
20250801231255,54,54,54,100.00,2025-09-15 14:53:28
20250801200710,52,50,52,96.15,2025-09-15 14:53:28
20250801150845,54,50,54,92.59,2025-09-15 14:53:28
20250801135822,51,51,51,100.00,2025-09-15 14:53:29
20250801115819,51,51,51,100.00,2025-09-15 14:53:29
20250801104912,50,48,50,96.00,2025-09-15 14:53:29
20250801093611,50,48,50,96.00,2025-09-15 14:53:29
20250801053823,51,51,51,100.00,2025-09-15 14:53:30
20250731232955,30,27,30,90.00,2025-09-15 14:53:31
20250731224354,54,53,54,98.15,2025-09-15 14:53:31
20250731215321,54,50,54,92.59,2025-09-15 14:53:32
20250731172353,51,48,51,94.12,2025-09-15 14:53:33
20250731155132,51,50,51,98.04,2025-09-15 14:53:34
20250731143857,50,47,50,94.00,2025-09-15 14:53:34
20250731135551,22,20,21,95.24,2025-09-15 14:53:35
20250731113046,51,49,51,96.08,2025-09-15 14:53:35
20250731093713,50,1,50,2.00,2025-09-15 14:53:35
20250731011737,51,50,51,98.04,2025-09-15 14:53:35
20250730180301,24,23,23,100.00,2025-09-15 14:53:35
20250730170309,52,52,52,100.00,2025-09-15 14:53:35
20250730110902,1,1,1,100.00,2025-09-15 14:53:35
20250730095558,54,51,54,94.44,2025-09-15 14:53:36
20250730040113,54,53,54,98.15,2025-09-15 14:53:36
20250729220347,53,49,53,92.45,2025-09-15 14:53:36
20250729215258,2,2,2,100.00,2025-09-15 14:53:36
20250729205858,51,39,51,76.47,2025-09-15 14:53:36
20250729142210,1,1,1,100.00,2025-09-15 14:53:36
20250729121345,44,41,44,93.18,2025-09-15 14:53:36
20250729104615,37,32,33,96.97,2025-09-15 14:53:36
20250729093713,49,48,48,100.00,2025-09-15 14:53:37
20250729023036,52,50,52,96.15,2025-09-15 14:53:37
20250729011606,53,52,53,98.11,2025-09-15 14:53:37
20250728181055,53,14,53,26.42,2025-09-15 14:53:37
20250728143228,51,48,51,94.12,2025-09-15 14:53:37
20250728100344,42,40,42,95.24,2025-09-15 14:53:38
20250728064513,48,47,48,97.92,2025-09-15 14:53:38
20250728023911,53,53,53,100.00,2025-09-15 14:53:38
20250728005857,41,36,37,97.30,2025-09-15 14:53:38
20250727215642,26,26,26,100.00,2025-09-15 14:53:38
20250727204306,49,46,49,93.88,2025-09-15 14:53:38
20250727185438,31,19,31,61.29,2025-09-15 14:53:38
20250727171824,51,44,51,86.27,2025-09-15 14:53:39
20250727124707,53,51,53,96.23,2025-09-15 14:53:39
20250727121532,54,49,53,92.45,2025-09-15 14:53:39
20250727111914,53,47,53,88.68,2025-09-15 14:53:39
20250727100253,50,49,50,98.00,2025-09-15 14:53:39
20250727035956,52,52,52,100.00,2025-09-15 14:53:40
20250727023852,52,49,52,94.23,2025-09-15 14:53:40
20250727010957,50,42,48,87.50,2025-09-15 14:53:40
20250726231234,53,51,53,96.23,2025-09-15 14:53:40
20250726220644,54,52,54,96.30,2025-09-15 14:53:40
20250726210405,52,51,52,98.08,2025-09-15 14:53:40
20250726152306,53,51,53,96.23,2025-09-15 14:53:41
20250726133556,53,51,53,96.23,2025-09-15 14:53:41
20250726092050,55,55,55,100.00,2025-09-15 14:53:41
20250726052252,54,52,54,96.30,2025-09-15 14:53:41
20250726035935,51,48,51,94.12,2025-09-15 14:53:41
20250726021920,52,52,52,100.00,2025-09-15 14:53:41
20250726012137,29,28,29,96.55,2025-09-15 14:53:42
20250725232348,52,47,49,95.92,2025-09-15 14:53:42
20250725222634,6,6,6,100.00,2025-09-15 14:53:42
20250725221150,46,46,46,100.00,2025-09-15 14:53:42
20250725213451,50,48,50,96.00,2025-09-15 14:53:42
20250725193655,54,52,54,96.30,2025-09-15 14:53:42
20250725170752,51,41,41,100.00,2025-09-15 14:53:42
20250725131732,48,44,48,91.67,2025-09-15 14:53:43
20250725120548,18,18,18,100.00,2025-09-15 14:53:43
20250725114338,31,30,31,96.77,2025-09-15 14:53:43
20250725072545,50,48,50,96.00,2025-09-15 14:53:43
20250725065450,28,25,27,92.59,2025-09-15 14:53:43
20250725055809,48,26,48,54.17,2025-09-15 14:53:43
20250725011410,53,52,53,98.11,2025-09-15 14:53:43
20250724221328,44,43,44,97.73,2025-09-15 14:53:44
20250724205102,53,30,51,58.82,2025-09-15 14:53:44
20250724191333,33,32,33,96.97,2025-09-15 14:53:44
20250724173407,51,49,51,96.08,2025-09-15 14:53:44
20250724161735,54,46,51,90.20,2025-09-15 14:53:44
20250724022425,54,51,54,94.44,2025-09-15 14:53:44
20250724005601,49,46,49,93.88,2025-09-15 14:53:45
20250723232533,54,32,54,59.26,2025-09-15 14:53:46
20250723222523,51,45,51,88.24,2025-09-15 14:53:46
20250723205933,53,51,53,96.23,2025-09-15 14:53:47
20250723204208,3,3,3,100.00,2025-09-15 14:53:47
20250723182909,51,49,51,96.08,2025-09-15 14:53:47
20250723174710,0,0,0,0.00,2025-09-15 14:53:47
20250723170521,53,52,53,98.11,2025-09-15 14:53:47
20250723144323,51,50,51,98.04,2025-09-15 14:53:49
20250723140715,54,54,54,100.00,2025-09-15 14:53:49
20250723125508,49,47,49,95.92,2025-09-15 14:53:49
20250723061833,50,42,50,84.00,2025-09-15 14:53:50
20250723051618,53,49,53,92.45,2025-09-15 14:53:50
20250723034055,51,51,51,100.00,2025-09-15 14:53:50
20250723024238,49,44,49,89.80,2025-09-15 14:53:50
20250723012323,51,50,51,98.04,2025-09-15 14:53:50
20250722234054,24,21,21,100.00,2025-09-15 14:53:50
20250722230855,5,5,5,100.00,2025-09-15 14:53:50
20250722223708,49,48,49,97.96,2025-09-15 14:53:51
20250722222139,3,2,3,66.67,2025-09-15 14:53:51
20250722214728,51,50,51,98.04,2025-09-15 14:53:51
20250722141614,50,50,50,100.00,2025-09-15 14:53:51
20250722130042,54,52,54,96.30,2025-09-15 14:53:51
20250722115519,54,53,54,98.15,2025-09-15 14:53:51
20250722093230,51,50,51,98.04,2025-09-15 14:53:52
20250722032106,51,51,51,100.00,2025-09-15 14:53:52
20250721231630,50,50,50,100.00,2025-09-15 14:53:52
20250721214914,53,52,53,98.11,2025-09-15 14:53:52
20250721161712,52,51,52,98.08,2025-09-15 14:53:52
20250721154948,54,54,54,100.00,2025-09-15 14:53:52
20250721145827,50,50,50,100.00,2025-09-15 14:53:53
20250721130426,54,54,54,100.00,2025-09-15 14:53:53
20250721113252,51,51,51,100.00,2025-09-15 14:53:53
20250721103616,55,55,55,100.00,2025-09-15 14:53:53
20250721093210,49,49,49,100.00,2025-09-15 14:53:53
20250721061705,52,52,52,100.00,2025-09-15 14:53:53
20250721023926,49,46,48,95.83,2025-09-15 14:53:54
20250721010354,50,50,50,100.00,2025-09-15 14:53:54
20250720224859,49,47,48,97.92,2025-09-15 14:53:54
20250720211726,50,48,50,96.00,2025-09-15 14:53:54
20250720200058,53,50,52,96.15,2025-09-15 14:53:54
20250720153348,52,52,52,100.00,2025-09-15 14:53:54
20250720145112,50,50,50,100.00,2025-09-15 14:53:55
20250720134321,50,50,50,100.00,2025-09-15 14:53:55
20250720132231,54,53,54,98.15,2025-09-15 14:53:55
20250720121306,53,53,53,100.00,2025-09-15 14:53:55
20250720072738,55,55,55,100.00,2025-09-15 14:53:55
20250720044453,53,53,53,100.00,2025-09-15 14:53:55
20250720023311,49,46,48,95.83,2025-09-15 14:53:56
20250719224003,54,51,54,94.44,2025-09-15 14:53:56
20250719201542,49,49,49,100.00,2025-09-15 14:53:56
20250719150937,53,53,53,100.00,2025-09-15 14:53:56
20250719141102,2,2,2,100.00,2025-09-15 14:53:56
20250719135157,49,48,49,97.96,2025-09-15 14:53:56
20250719114959,51,46,51,90.20,2025-09-15 14:53:56
20250719103946,49,48,49,97.96,2025-09-15 14:53:57
20250719080825,51,51,51,100.00,2025-09-15 14:53:57
20250719070507,5,5,5,100.00,2025-09-15 14:53:57
20250719064512,48,48,48,100.00,2025-09-15 14:53:57
20250719015534,52,51,52,98.08,2025-09-15 14:53:57
20250718232147,38,38,38,100.00,2025-09-15 14:53:57
20250718210010,0,0,0,0.00,2025-09-15 14:53:57
20250718205236,48,46,48,95.83,2025-09-15 14:53:57
20250718200014,3,2,3,66.67,2025-09-15 14:53:57
20250718190437,54,54,54,100.00,2025-09-15 14:53:57
20250718175410,53,53,53,100.00,2025-09-15 14:53:58
20250718171705,2,2,2,100.00,2025-09-15 14:53:58
20250718170813,49,49,49,100.00,2025-09-15 14:53:58
20250718101120,34,34,34,100.00,2025-09-15 14:53:58
20250718085327,54,53,54,98.15,2025-09-15 14:53:58
20250718041723,28,27,28,96.43,2025-09-15 14:53:58
20250718030056,51,5,51,9.80,2025-09-15 14:53:58
20250718021058,3,2,3,66.67,2025-09-15 14:53:58
20250718020032,55,55,55,100.00,2025-09-15 14:53:58
20250717223344,52,51,52,98.08,2025-09-15 14:53:59
20250717175725,51,50,51,98.04,2025-09-15 14:53:59
20250717170735,52,51,52,98.08,2025-09-15 14:53:59
20250717113709,6,6,6,100.00,2025-09-15 14:53:59
20250717111330,53,52,53,98.11,2025-09-15 14:53:59
20250717102903,4,4,4,100.00,2025-09-15 14:53:59
20250717070414,15,15,15,100.00,2025-09-15 14:53:59
20250717053006,49,49,49,100.00,2025-09-15 14:53:59
20250717015201,53,50,53,94.34,2025-09-15 14:54:02
20250716231339,50,50,50,100.00,2025-09-15 14:54:02
20250716215706,49,48,49,97.96,2025-09-15 14:54:02
20250716184751,40,39,40,97.50,2025-09-15 14:54:04
20250716165939,7,7,7,100.00,2025-09-15 14:54:04
20250716155920,51,51,51,100.00,2025-09-15 14:54:04
20250716150119,49,49,49,100.00,2025-09-15 14:54:04
20250716112031,50,50,50,100.00,2025-09-15 14:54:05
20250716100542,53,53,53,100.00,2025-09-15 14:54:05
20250716092700,91,87,91,95.60,2025-09-15 14:54:05
20250716025603,50,48,50,96.00,2025-09-15 14:54:05
20250716023628,46,44,46,95.65,2025-09-15 14:54:05
20250715230235,20,20,20,100.00,2025-09-15 14:54:05
20250715211749,48,47,48,97.92,2025-09-15 14:54:06
20250715200613,21,21,21,100.00,2025-09-15 14:54:06
20250715194308,31,30,31,96.77,2025-09-15 14:54:06
20250715173415,7,7,7,100.00,2025-09-15 14:54:06
20250715153344,53,53,53,100.00,2025-09-15 14:54:06
20250715131732,54,53,54,98.15,2025-09-15 14:54:06
20250715115558,53,53,53,100.00,2025-09-15 14:54:06
20250715073030,19,18,19,94.74,2025-09-15 14:54:06
20250715063746,54,53,54,98.15,2025-09-15 14:54:06
20250714233549,51,50,51,98.04,2025-09-15 14:54:06
20250714210129,4,3,4,75.00,2025-09-15 14:54:06
20250714194729,8,6,8,75.00,2025-09-15 14:54:06
20250714151015,49,48,49,97.96,2025-09-15 14:54:07
20250714134223,53,52,53,98.11,2025-09-15 14:54:07
20250714100249,26,24,26,92.31,2025-09-15 14:54:07
20250714090033,0,0,0,0.00,2025-09-15 14:54:07
20250714085413,50,50,50,100.00,2025-09-15 14:54:07
20250714040622,51,49,51,96.08,2025-09-15 14:54:07
20250713234214,44,39,42,92.86,2025-09-15 14:54:07
20250713222240,51,49,51,96.08,2025-09-15 14:54:07
20250713130753,10,4,5,80.00,2025-09-15 14:54:07
20250713063631,53,53,53,100.00,2025-09-15 14:54:07
20250712194410,53,51,53,96.23,2025-09-15 14:54:08
20250712172928,53,48,53,90.57,2025-09-15 14:54:08
20250712145538,52,52,52,100.00,2025-09-15 14:54:08
20250712141249,0,0,0,0.00,2025-09-15 14:54:08
20250712135619,53,52,53,98.11,2025-09-15 14:54:08
20250712113154,49,48,49,97.96,2025-09-15 14:54:08
20250712102653,49,48,49,97.96,2025-09-15 14:54:08
20250712034736,3,3,3,100.00,2025-09-15 14:54:08
20250712022610,46,45,46,97.83,2025-09-15 14:54:08
20250711225821,51,51,51,100.00,2025-09-15 14:54:09
20250711210220,11,10,10,100.00,2025-09-15 14:54:09
20250711173730,4,3,4,75.00,2025-09-15 14:54:09
20250711170140,7,7,7,100.00,2025-09-15 14:54:09
20250711142353,52,50,52,96.15,2025-09-15 14:54:09
20250711092024,53,46,53,86.79,2025-09-15 14:54:09
20250711021116,51,50,51,98.04,2025-09-15 14:54:09
20250710214911,8,7,8,87.50,2025-09-15 14:54:09
20250710190627,54,53,54,98.15,2025-09-15 14:54:09
20250710175437,52,52,52,100.00,2025-09-15 14:54:09
20250710170103,7,7,7,100.00,2025-09-15 14:54:09
20250710070158,13,13,13,100.00,2025-09-15 14:54:09
20250710054200,50,4,50,8.00,2025-09-15 14:54:10
20250710020501,44,44,44,100.00,2025-09-15 14:54:10
20250710011425,52,51,52,98.08,2025-09-15 14:54:10
20250709215949,31,31,31,100.00,2025-09-15 14:54:10
20250709210126,6,6,6,100.00,2025-09-15 14:54:10
20250709203358,52,45,48,93.75,2025-09-15 14:54:10
20250709192432,8,8,8,100.00,2025-09-15 14:54:10
20250709123451,49,49,49,100.00,2025-09-15 14:54:10
20250709072019,28,27,28,96.43,2025-09-15 14:54:10
20250709054536,54,51,54,94.44,2025-09-15 14:54:11
20250709045032,53,51,53,96.23,2025-09-15 14:54:11
20250708212606,40,40,40,100.00,2025-09-15 14:54:11
20250708202035,22,22,22,100.00,2025-09-15 14:54:11
20250708200349,24,24,24,100.00,2025-09-15 14:54:11
20250708175103,7,7,7,100.00,2025-09-15 14:54:11
20250708135228,48,47,48,97.92,2025-09-15 14:54:11
20250708110100,50,47,47,100.00,2025-09-15 14:54:11
20250708100431,53,52,53,98.11,2025-09-15 14:54:11
20250708062522,54,53,54,98.15,2025-09-15 14:54:11
20250707180953,46,38,46,82.61,2025-09-15 14:54:12
20250707171046,50,49,50,98.00,2025-09-15 14:54:12
20250707132404,20,19,20,95.00,2025-09-15 14:54:12
20250707115326,49,48,49,97.96,2025-09-15 14:54:12
20250707043725,52,52,52,100.00,2025-09-15 14:54:12
20250707032746,54,53,54,98.15,2025-09-15 14:54:12
20250706192937,49,48,49,97.96,2025-09-15 14:54:12
20250706181844,53,49,53,92.45,2025-09-15 14:54:12
20250706172116,50,49,50,98.00,2025-09-15 14:54:12
20250706153057,50,46,50,92.00,2025-09-15 14:54:12
20250706102902,44,43,44,97.73,2025-09-15 14:54:13
20250706092435,50,50,50,100.00,2025-09-15 14:54:13
20250706044921,48,47,48,97.92,2025-09-15 14:54:13
20250706034842,51,50,51,98.04,2025-09-15 14:54:13
20250705155212,48,48,48,100.00,2025-09-15 14:54:13
20250705145101,50,46,48,95.83,2025-09-15 14:54:13
20250705132048,54,53,54,98.15,2025-09-15 14:54:13
20250705103106,49,49,49,100.00,2025-09-15 14:54:13
20250705091604,23,23,23,100.00,2025-09-15 14:54:13
20250705090336,24,24,24,100.00,2025-09-15 14:54:13
20250705040428,51,50,51,98.04,2025-09-15 14:54:14
20250705030658,15,15,15,100.00,2025-09-15 14:54:14
20250705030207,35,33,35,94.29,2025-09-15 14:54:14
20250705011608,54,52,54,96.30,2025-09-15 14:54:14
20250704230155,53,53,53,100.00,2025-09-15 14:54:14
20250704212906,27,25,25,100.00,2025-09-15 14:54:14
20250704201454,54,52,54,96.30,2025-09-15 14:54:14
20250704114919,40,40,40,100.00,2025-09-15 14:54:14
20250704110406,51,51,51,100.00,2025-09-15 14:54:14
20250704073919,54,49,54,90.74,2025-09-15 14:54:15
20250704063014,50,49,50,98.00,2025-09-15 14:54:15
20250704034904,55,54,55,98.18,2025-09-15 14:54:16
20250703222928,32,31,32,96.88,2025-09-15 14:54:16
20250703213013,53,53,53,100.00,2025-09-15 14:54:17
20250703200513,43,39,43,90.70,2025-09-15 14:54:18
20250703183031,52,16,52,30.77,2025-09-15 14:54:19
20250703170937,50,48,50,96.00,2025-09-15 14:54:19
20250703141403,22,19,21,90.48,2025-09-15 14:54:19
20250703124823,51,50,51,98.04,2025-09-15 14:54:19
20250703114922,49,46,49,93.88,2025-09-15 14:54:19
20250703032842,53,53,53,100.00,2025-09-15 14:54:19
20250703020044,47,46,47,97.87,2025-09-15 14:54:20
20250703005454,53,51,53,96.23,2025-09-15 14:54:20
20250702171600,47,46,47,97.87,2025-09-15 14:54:20
20250702130858,49,46,49,93.88,2025-09-15 14:54:20
20250702113405,52,51,52,98.08,2025-09-15 14:54:20
20250702100845,49,45,49,91.84,2025-09-15 14:54:20
20250702075832,39,39,39,100.00,2025-09-15 14:54:20
20250702071159,52,52,52,100.00,2025-09-15 14:54:20
20250702032546,54,53,54,98.15,2025-09-15 14:54:20
20250701194557,54,53,54,98.15,2025-09-15 14:54:20
20250701185104,49,49,49,100.00,2025-09-15 14:54:21
20250701124532,52,51,52,98.08,2025-09-15 14:54:21
20250701111337,28,28,28,100.00,2025-09-15 14:54:21
20250701100248,53,53,53,100.00,2025-09-15 14:54:21
20250701050118,52,51,52,98.08,2025-09-15 14:54:21
20250630190240,53,49,51,96.08,2025-09-15 14:54:21
20250630155442,27,21,25,84.00,2025-09-15 14:54:21
20250630144841,54,54,54,100.00,2025-09-15 14:54:21
20250630140506,51,51,51,100.00,2025-09-15 14:54:21
20250630131226,44,41,44,93.18,2025-09-15 14:54:21
20250630091335,52,51,52,98.08,2025-09-15 14:54:21
20250630080453,54,52,54,96.30,2025-09-15 14:54:22
20250630071202,50,50,50,100.00,2025-09-15 14:54:22
20250629234423,16,14,16,87.50,2025-09-15 14:54:22
20250629225116,50,50,50,100.00,2025-09-15 14:54:22
20250629151712,1,1,1,100.00,2025-09-15 14:54:22
20250629151241,3,3,3,100.00,2025-09-15 14:54:22
20250629145845,2,2,2,100.00,2025-09-15 14:54:22
20250629111239,52,51,52,98.08,2025-09-15 14:54:22
20250629103235,47,44,47,93.62,2025-09-15 14:54:22
20250629070425,52,51,52,98.08,2025-09-15 14:54:22
20250629022804,50,50,50,100.00,2025-09-15 14:54:22
20250629012905,54,51,54,94.44,2025-09-15 14:54:22
20250628192322,51,50,51,98.04,2025-09-15 14:54:22
20250628172222,44,42,44,95.45,2025-09-15 14:54:22
20250628150706,30,29,29,100.00,2025-09-15 14:54:23
20250628132910,53,51,53,96.23,2025-09-15 14:54:23
20250627223602,51,51,51,100.00,2025-09-15 14:54:23
20250627184554,50,48,50,96.00,2025-09-15 14:54:23
20250627172023,52,33,52,63.46,2025-09-15 14:54:23
20250627151354,49,47,48,97.92,2025-09-15 14:54:23
20250627140858,54,54,54,100.00,2025-09-15 14:54:23
20250625150014,41,39,41,95.12,2025-09-15 14:54:23
20250625092422,49,36,49,73.47,2025-09-15 14:54:23
20250625063317,39,37,39,94.87,2025-09-15 14:54:24
20250625045655,53,52,53,98.11,2025-09-15 14:54:24
20250625015309,16,16,16,100.00,2025-09-15 14:54:24
20250625005314,53,52,53,98.11,2025-09-15 14:54:24
20250624233332,49,43,49,87.76,2025-09-15 14:54:24
20250624224158,44,42,44,95.45,2025-09-15 14:54:24
20250624195440,51,51,51,100.00,2025-09-15 14:54:24
20250624185349,54,52,54,96.30,2025-09-15 14:54:24
20250624122159,50,49,50,98.00,2025-09-15 14:54:24
20250624111912,53,52,53,98.11,2025-09-15 14:54:24
20250624073227,26,26,26,100.00,2025-09-15 14:54:24
20250624061405,44,42,44,95.45,2025-09-15 14:54:24
20250624052303,51,50,51,98.04,2025-09-15 14:54:24
20250624030211,51,51,51,100.00,2025-09-15 14:54:25
20250624020645,53,52,53,98.11,2025-09-15 14:54:25
20250623230902,53,53,53,100.00,2025-09-15 14:54:25
20250623201226,53,53,53,100.00,2025-09-15 14:54:25
20250623191355,54,54,54,100.00,2025-09-15 14:54:25
20250623150809,53,52,53,98.11,2025-09-15 14:54:25
20250623125120,53,52,53,98.11,2025-09-15 14:54:25
20250623102201,42,40,42,95.24,2025-09-15 14:54:25
20250623065232,42,42,42,100.00,2025-09-15 14:54:25
20250623055302,54,52,54,96.30,2025-09-15 14:54:25
20250623031922,54,52,54,96.30,2025-09-15 14:54:25
20250623015651,49,47,49,95.92,2025-09-15 14:54:26
20250623005527,52,50,52,96.15,2025-09-15 14:54:26
20250622210221,48,46,48,95.83,2025-09-15 14:54:26
20250622200203,53,50,53,94.34,2025-09-15 14:54:26
20250622172518,52,51,52,98.08,2025-09-15 14:54:26
20250622142601,32,32,32,100.00,2025-09-15 14:54:26
20250622112356,47,45,46,97.83,2025-09-15 14:54:26
20250622103027,50,50,50,100.00,2025-09-15 14:54:26
20250622091248,54,52,54,96.30,2025-09-15 14:54:26
20250622074306,52,51,52,98.08,2025-09-15 14:54:26
20250622050612,50,49,50,98.00,2025-09-15 14:54:26
20250621213922,53,51,53,96.23,2025-09-15 14:54:26
20250621192840,53,52,53,98.11,2025-09-15 14:54:26
20250621171121,54,53,54,98.15,2025-09-15 14:54:26
20250621144938,50,49,50,98.00,2025-09-15 14:54:27
20250621095101,49,47,49,95.92,2025-09-15 14:54:27
20250621063839,52,51,52,98.08,2025-09-15 14:54:27
20250621045703,54,52,54,96.30,2025-09-15 14:54:27
20250621005336,54,53,54,98.15,2025-09-15 14:54:27
20250916045917,4,4,4,100.00,2025-09-16 08:22:20
20250916015430,51,49,51,96.08,2025-09-16 08:22:20
20250915201508,48,11,47,23.40,2025-09-16 08:22:21
20250915190501,51,32,51,62.75,2025-09-16 08:22:21
20250916144652,52,0,52,0.00,2025-09-16 15:45:46
20250916130730,51,12,51,23.53,2025-09-16 15:45:47
20250916113715,53,42,53,79.25,2025-09-16 15:45:47
20250916182535,53,53,53,100.00,2025-09-16 20:02:04
20250916155112,19,19,19,100.00,2025-09-16 20:02:04
20250916203823,49,49,49,100.00,2025-09-16 20:52:18
20250917101555,53,53,53,100.00,2025-09-17 11:03:24
20250917112556,32,32,32,100.00,2025-09-17 15:31:22
20250919195029,48,45,48,93.75,2025-09-22 10:13:03
20250919152658,3,3,3,100.00,2025-09-22 10:13:04
20250919103925,23,23,23,100.00,2025-09-22 10:13:07
20250919092304,53,53,53,100.00,2025-09-22 10:13:09
20250919040555,4,4,4,100.00,2025-09-25 15:10:11
20250919015836,50,49,50,98.00,2025-09-25 15:10:59
20250918214438,26,0,25,0.00,2025-09-19 21:59:24
20250918203101,45,0,45,0.00,2025-09-19 21:59:24
20250918170646,0,0,0,0.00,2025-09-19 21:59:24
20250918123751,46,0,46,0.00,2025-09-19 21:59:24
20250918113502,52,0,52,0.00,2025-09-19 21:59:24
20250918073845,10,0,10,0.00,2025-09-19 21:59:24
20250918030119,49,0,49,0.00,2025-09-19 21:59:24
20250918014513,50,48,50,96.00,2025-09-21 22:14:22
20250917212206,49,13,49,26.53,2025-09-21 22:00:49
20250917194831,49,0,49,0.00,2025-09-19 21:59:25
20250917183431,53,0,53,0.00,2025-09-19 21:59:25
20250920172613,0,0,0,0.00,2025-09-20 19:20:04
20250920110303,23,23,23,100.00,2025-09-23 18:48:13
20250920090501,0,0,0,0.00,2025-09-20 19:20:05
20250920053833,8,6,8,75.00,2025-09-22 10:12:51
20250920043644,54,53,54,98.15,2025-09-22 10:12:56
20250921104642,49,49,49,100.00,2025-09-23 18:47:57
20250921072848,49,48,49,97.96,2025-09-23 18:47:57
20250921062317,55,54,55,98.18,2025-09-23 18:47:57
20250921025422,54,54,54,100.00,2025-09-23 18:47:56
20250920230225,53,52,53,98.11,2025-09-23 18:47:56
20250920220450,54,50,54,92.59,2025-09-23 18:48:12
20250920193431,24,24,24,100.00,2025-09-23 18:48:12
20250902141751,4,1,4,25.00,2025-09-21 22:00:40
20250901101337,4,1,4,25.00,2025-09-21 22:00:40
20250922135701,48,48,48,100.00,2025-09-22 14:16:18
20250923112429,3,3,3,100.00,2025-09-23 18:48:00
20250923072123,23,23,23,100.00,2025-09-23 18:48:00
20250923055238,53,50,53,94.34,2025-09-23 18:47:59
20250922230306,55,54,55,98.18,2025-09-23 18:47:59
20250922210302,49,48,49,97.96,2025-09-23 18:47:59
20250922181949,48,0,48,0.00,2025-09-23 13:32:33
20250924114939,49,49,49,100.00,2025-09-24 12:52:16
20250924104024,52,52,52,100.00,2025-09-24 12:52:17
20250924095803,10,9,9,100.00,2025-09-24 12:52:17
20250924012117,25,24,24,100.00,2025-09-24 12:52:17
20250923184822,2,2,2,100.00,2025-09-24 12:52:17
20250924153118,28,28,28,100.00,2025-09-24 15:46:23
20250924151039,51,51,51,100.00,2025-09-24 15:46:23
20250924140005,49,49,49,100.00,2025-09-24 15:46:24
20250924125617,11,11,11,100.00,2025-09-24 15:46:24
20250924162859,48,48,48,100.00,2025-09-24 19:45:04
20250925001101,38,31,33,93.94,2025-09-25 14:54:43
20250924215552,47,44,47,93.62,2025-09-25 14:54:44
20250924194840,47,46,47,97.87,2025-09-25 14:54:46
20250925114354,48,48,48,100.00,2025-09-25 14:54:07
20250925185036,51,48,51,94.12,2025-09-25 19:49:48
20250925200827,24,24,24,100.00,2025-11-24 09:06:04
20250925205512,6,6,6,100.00,2025-09-26 11:00:49
20250925231648,4,4,4,100.00,2025-09-26 09:29:02
20250925224427,48,48,48,100.00,2025-11-24 09:05:50
20250926101251,52,52,52,100.00,2025-09-26 11:05:00
20250926111154,49,49,49,100.00,2025-11-21 19:53:26
20250926144814,52,52,52,100.00,2025-09-26 15:09:04
20250928070141,53,53,53,100.00,2025-11-21 19:51:30
20250927215052,49,49,49,100.00,2025-11-21 19:51:48
20250927101650,53,53,53,100.00,2025-09-28 13:44:08
20250927043143,13,13,13,100.00,2025-09-28 13:44:33
20250927031915,51,46,46,100.00,2025-11-21 19:52:17
20250926172747,5,5,5,100.00,2025-09-28 13:44:37
20250929133215,33,32,32,100.00,2025-09-29 21:10:11
20250929104451,1,1,1,100.00,2025-09-29 21:10:12
20250928204823,2,1,2,50.00,2025-09-29 21:10:21
20250928193609,13,12,13,92.31,2025-09-29 15:14:15
20250928170729,6,6,6,100.00,2025-09-29 15:14:17
20250929184648,23,22,23,95.65,2025-09-29 21:10:06
20250929171324,54,54,54,100.00,2025-09-29 21:10:06
20250929154345,51,51,51,100.00,2025-09-29 21:10:06
20250930075115,12,9,9,100.00,2025-09-30 09:45:02
20250930063905,54,54,54,100.00,2025-09-30 09:45:02
20250930032048,43,43,43,100.00,2025-09-30 09:45:02
20251007044903,42,15,42,35.71,2025-10-15 15:34:30
20251007032055,47,40,47,85.11,2025-10-15 15:34:30
20251007020429,54,47,54,87.04,2025-10-15 15:34:31
20251005190306,47,0,47,0.00,2025-10-08 11:57:38
20251005152002,20,0,20,0.00,2025-10-08 11:57:38
20251005140258,55,0,55,0.00,2025-10-08 11:57:38
20251005044707,9,0,9,0.00,2025-10-08 11:57:38
20251005031824,51,0,51,0.00,2025-10-08 11:57:38
20251004193106,48,0,42,0.00,2025-10-08 11:57:38
20251004174113,53,0,53,0.00,2025-10-08 11:57:38
20251004155126,44,0,44,0.00,2025-10-08 11:57:38
20251004144534,0,0,0,0.00,2025-10-08 11:57:38
20251004143058,53,0,53,0.00,2025-10-08 11:57:38
20251004111228,45,0,45,0.00,2025-10-08 11:57:38
20251004065610,53,0,53,0.00,2025-10-08 11:57:38
20251004052457,39,0,39,0.00,2025-10-08 11:57:38
20251004033225,49,0,49,0.00,2025-10-08 11:57:38
20251003221756,42,0,42,0.00,2025-10-08 11:57:39
20251003182104,45,0,45,0.00,2025-10-08 11:57:39
20251003030758,2,0,2,0.00,2025-10-08 11:57:39
20251002232228,22,0,22,0.00,2025-10-08 11:57:39
20251002131520,3,0,3,0.00,2025-10-08 11:57:39
20251002124507,49,0,49,0.00,2025-10-08 11:57:39
20251002111846,47,0,47,0.00,2025-10-08 11:57:39
20251002070901,23,0,23,0.00,2025-10-08 11:57:39
20251002013206,32,0,31,0.00,2025-10-08 11:57:39
20251001212401,50,0,50,0.00,2025-10-08 11:57:39
20251001170622,52,0,52,0.00,2025-10-08 11:57:39
20251001113740,52,38,45,84.44,2025-10-08 11:57:39
20250930214242,53,52,53,98.11,2025-10-08 11:57:39
20250930125541,0,0,0,0.00,2025-10-08 11:57:39
20251010044542,53,48,53,90.57,2025-10-11 16:03:17
20251009223959,29,28,28,100.00,2025-10-11 16:03:18
20251009213845,51,41,51,80.39,2025-10-15 15:34:29
20251009170751,0,0,0,0.00,2025-10-10 10:13:22
20251011044046,49,42,49,85.71,2025-10-15 15:34:25
20251011024712,50,50,50,100.00,2025-10-15 15:34:26
20251011013110,55,49,55,89.09,2025-10-11 17:01:55
20251010203105,52,44,52,84.62,2025-10-11 17:01:56
20251010185244,24,23,24,95.83,2025-10-11 17:02:00
20251010171012,51,44,51,86.27,2025-10-11 17:02:01
20251010113149,52,52,52,100.00,2025-10-15 15:34:27
20251011122338,0,0,0,0.00,2025-10-11 12:42:07
20251011114412,39,39,39,100.00,2025-10-12 14:03:09
20251011103804,54,48,54,88.89,2025-10-12 14:03:10
20251011101505,49,49,49,100.00,2025-10-12 14:03:11
20251011135147,49,49,49,100.00,2025-10-12 14:03:07
20251011150141,49,49,49,100.00,2025-10-12 14:03:04
20251012134303,48,48,48,100.00,2025-10-12 14:02:52
20251012122806,52,37,52,71.15,2025-10-12 14:02:52
20251012105837,8,8,8,100.00,2025-10-12 14:02:52
20251012095329,50,48,50,96.00,2025-10-12 14:02:53
20251012063115,52,49,51,96.08,2025-10-12 14:02:53
20251012051333,26,25,26,96.15,2025-10-12 14:02:53
20251012045702,25,24,25,96.00,2025-10-12 14:02:53
20251011213230,53,49,53,92.45,2025-10-12 14:02:53
20251011185455,50,38,50,76.00,2025-10-12 14:02:54
20251013073554,29,29,29,100.00,2025-10-13 08:16:32
20251013063141,51,45,49,91.84,2025-10-13 08:16:33
20251013050838,19,19,19,100.00,2025-10-13 08:16:33
20251013093233,52,52,52,100.00,2025-10-13 11:17:26
20251014071105,53,52,53,98.11,2025-10-14 10:38:32
20251013224500,18,18,18,100.00,2025-10-14 10:38:32
20251013173217,50,50,50,100.00,2025-10-14 10:38:33
20251014103420,51,51,51,100.00,2025-10-14 16:16:57
20251014233147,50,49,50,98.00,2025-10-15 10:43:14
20251015105100,43,43,43,100.00,2025-10-15 11:16:38
20251015121229,41,41,41,100.00,2025-10-15 14:58:36
20251015171330,15,14,14,100.00,2025-10-15 19:54:21
20251015213205,14,13,14,92.86,2025-10-16 12:47:21
20251017151708,9,9,9,100.00,2025-10-18 21:09:40
20251017145941,47,47,47,100.00,2025-10-18 21:09:41
20251017131238,23,23,23,100.00,2025-10-20 14:06:08
20251017034427,52,40,52,76.92,2025-10-20 14:06:09
20251016213824,51,50,51,98.04,2025-10-20 14:06:10
20251016174355,52,52,52,100.00,2025-10-17 16:57:43
20251018202249,4,4,4,100.00,2025-10-18 21:09:33
20251018144905,53,53,53,100.00,2025-10-18 21:09:34
20251018115523,55,48,55,87.27,2025-10-18 21:09:34
20251018043109,51,49,51,96.08,2025-10-18 21:09:34
20251018004420,5,4,5,80.00,2025-10-18 21:09:34
20251017211404,21,18,18,100.00,2025-10-18 21:09:34
20251017171808,41,41,41,100.00,2025-10-18 21:09:34
20251019141541,53,52,53,98.11,2025-10-19 16:16:57
20251019105424,13,13,13,100.00,2025-10-19 16:16:58
20251019071501,47,45,45,100.00,2025-10-19 16:16:58
20251019055303,1,0,1,0.00,2025-10-19 16:16:58
20251018223623,52,38,52,73.08,2025-10-19 16:16:58
20251019210049,24,23,24,95.83,2025-10-19 21:32:36
20251019194131,47,40,47,85.11,2025-10-19 21:09:58
20251020050240,26,26,26,100.00,2025-10-20 08:44:44
20251020015551,12,12,12,100.00,2025-10-20 08:44:45
20251020013536,51,51,51,100.00,2025-10-20 08:44:45
20251020102121,1,1,1,100.00,2025-10-20 14:04:36
20251021020138,41,41,41,100.00,2025-10-21 15:18:16
20251020222621,0,0,0,0.00,2025-10-21 15:18:16
20251020205904,54,53,53,100.00,2025-10-21 15:18:17
20251020174638,42,41,42,97.62,2025-10-21 15:18:17
20251021170249,51,48,48,100.00,2025-10-21 17:33:46
20251021190037,10,6,6,100.00,2025-10-22 14:17:36
20251022140454,45,45,45,100.00,2025-10-23 13:04:33
20251022065258,5,5,5,100.00,2025-10-22 14:16:58
20251022011908,25,25,25,100.00,2025-10-22 14:16:58
20251021204817,6,5,6,83.33,2025-10-22 14:16:59
20251023111852,49,48,49,97.96,2025-10-23 13:04:06
20251023063119,7,5,5,100.00,2025-10-23 13:04:06
20251023051732,50,48,50,96.00,2025-10-23 13:04:06
20251022225254,25,25,25,100.00,2025-10-23 13:04:06
20251022204004,45,43,45,95.56,2025-10-23 13:04:06
20251023135741,5,5,5,100.00,2025-10-23 15:27:51
20251024231851,1,1,1,100.00,2025-10-25 16:51:13
20251024194337,2,2,2,100.00,2025-10-25 16:51:13
20251024185924,53,53,53,100.00,2025-10-27 09:10:51
20251024172014,46,46,46,100.00,2025-10-25 16:51:13
20251024023736,24,24,24,100.00,2025-10-25 16:51:13
20251024012924,47,40,42,95.24,2025-10-25 16:51:14
20251023221210,4,4,4,100.00,2025-10-25 16:51:14
20251026151815,49,49,49,100.00,2025-10-26 20:16:39
20251026060125,1,1,1,100.00,2025-10-26 20:16:39
20251026030826,49,49,49,100.00,2025-10-26 20:16:39
20251026015136,2,2,2,100.00,2025-10-26 20:16:39
20251026010345,27,27,27,100.00,2025-10-26 20:16:39
20251025212122,54,54,54,100.00,2025-10-27 09:10:45
20251025175733,43,43,43,100.00,2025-10-27 09:10:48
20251027020958,11,11,11,100.00,2025-10-27 09:09:23
20251027010253,52,50,52,100.00,2025-10-27 09:09:23
20251028124705,0,0,0,0.00,2025-10-28 15:32:53
20251028105819,13,13,13,100.00,2025-10-28 15:32:55
20251028095500,51,51,51,100.00,2025-10-28 15:33:00
20251027224758,54,54,54,100.00,2025-10-28 15:33:01
20251027210104,48,48,48,100.00,2025-10-28 15:33:06
20251028171002,8,8,8,100.00,2025-10-28 19:48:38
20251029115807,8,8,8,100.00,2025-10-29 14:42:43
20251029105624,48,48,48,100.00,2025-10-29 14:42:43
20251029051904,0,0,0,0.00,2025-10-29 14:42:43
20251030114317,52,52,52,100.00,2025-10-30 14:57:42
20251031094641,8,8,8,100.00,2025-10-31 10:08:21
20251031014347,15,15,15,100.00,2025-10-31 10:08:22
20251030222022,53,52,52,100.00,2025-10-31 10:08:25
20251030180519,9,8,9,100.00,2025-10-31 10:08:26
20251102042627,48,48,48,100.00,2025-11-02 15:56:22
20251101203213,24,23,24,100.00,2025-11-02 15:56:22
20251101202329,26,26,26,100.00,2025-11-02 15:56:22
20251101104504,50,49,50,100.00,2025-11-02 15:56:22
20251101091728,47,46,47,97.87,2025-11-02 15:56:22
20251101023622,53,53,53,100.00,2025-11-02 15:56:22
20251101011518,49,49,49,100.00,2025-11-02 15:56:22
20251103013446,44,44,44,100.00,2025-11-03 10:09:28
20251102174239,51,51,51,100.00,2025-11-03 10:09:28
20251104101539,20,13,13,100.00,2025-11-04 10:48:55
20251104075112,49,49,49,100.00,2025-11-04 10:48:55
20251104010053,43,42,43,100.00,2025-11-04 10:48:55
20251103222410,41,41,41,100.00,2025-11-04 10:48:55
20251103201652,48,48,48,100.00,2025-11-04 10:48:55
20251103190442,19,19,19,100.00,2025-11-04 10:48:55
20251103185246,19,15,19,100.00,2025-11-04 10:48:55
20251104144826,6,6,6,100.00,2025-11-04 19:44:23
20251105063359,51,51,51,100.00,2025-11-05 14:13:27
20251105051417,52,52,52,100.00,2025-11-05 14:13:31
20251104201742,49,49,49,100.00,2025-11-05 11:34:15
20251105132849,5,5,5,100.00,2025-11-05 14:13:06
20251105131105,38,36,38,94.74,2025-11-05 14:13:06
20251108061107,53,47,53,88.68,2025-11-08 10:16:57
20251108041201,11,10,11,100.00,2025-11-08 10:16:57
20251108000244,40,37,37,100.00,2025-11-08 10:16:57
20251107230211,49,26,49,95.92,2025-11-08 10:16:57
20251107203627,29,29,29,100.00,2025-11-08 10:16:57
20251107200411,46,46,46,100.00,2025-11-08 10:16:57
20251107130932,0,0,0,0.00,2025-11-08 10:16:57
20251107100907,49,49,49,100.00,2025-11-08 10:16:57
20251107072847,44,44,44,100.00,2025-11-08 10:16:57
20251107024853,1,1,1,100.00,2025-11-08 10:16:57
20251107020512,9,9,9,100.00,2025-11-08 10:16:57
20251106102637,44,35,36,97.22,2025-11-08 10:16:57
20251106035101,51,51,51,100.00,2025-11-08 10:16:57
20251105195048,53,53,53,100.00,2025-11-08 10:16:57
20251109170052,14,14,14,100.00,2025-11-09 19:51:33
20251109102019,15,13,15,100.00,2025-11-09 19:51:33
20251109070206,33,30,31,100.00,2025-11-09 19:51:33
20251109054843,52,52,52,100.00,2025-11-09 19:51:33
20251109034653,52,51,52,100.00,2025-11-09 19:51:33
20251109021622,0,0,0,0.00,2025-11-09 19:51:33
20251108195305,10,10,10,100.00,2025-11-09 19:51:33
20251108183130,1,0,1,0.00,2025-11-09 19:51:33
20251108150726,53,52,53,100.00,2025-11-09 19:51:33
20251110132152,10,10,10,100.00,2025-11-10 14:17:33
20251110105717,54,54,54,100.00,2025-11-10 14:17:33
20251110093947,6,6,6,100.00,2025-11-10 14:17:33
20251110064104,47,31,47,97.87,2025-11-10 14:17:33
20251110013328,6,6,6,100.00,2025-11-10 14:17:33
20251109222410,44,44,44,100.00,2025-11-10 14:17:33
20251109201202,50,49,50,100.00,2025-11-10 14:17:33
20251112103139,51,51,51,100.00,2025-11-12 11:03:17
20251112032306,52,48,48,100.00,2025-11-12 11:03:17
20251111210021,4,4,4,100.00,2025-11-12 11:03:17
20251111193917,51,33,51,98.04,2025-11-12 11:03:17
20251111144735,23,21,21,100.00,2025-11-12 11:03:17
20251111133309,1,1,1,100.00,2025-11-12 11:03:17
20251111113126,24,24,24,100.00,2025-11-12 11:03:17
20251111091929,48,48,48,100.00,2025-11-12 11:03:17
20251111074745,49,49,49,100.00,2025-11-12 11:03:17
20251111050310,54,53,54,100.00,2025-11-12 11:03:18
20251111032516,3,2,3,66.67,2025-11-12 11:03:18
20251110205256,23,23,23,100.00,2025-11-12 11:03:18
20251110194149,52,52,52,100.00,2025-11-12 11:03:18
20251112143021,20,20,20,100.00,2025-11-12 16:13:14
20251113053812,27,27,27,100.00,2025-11-13 09:30:00
20251113043101,53,51,52,100.00,2025-11-13 09:30:00
20251117100432,2,2,2,100.00,2025-11-17 10:48:26
20251117073130,49,49,49,100.00,2025-11-17 10:48:26
20251117044856,53,53,53,100.00,2025-11-17 10:48:26
20251116213707,53,50,53,100.00,2025-11-17 10:48:26
20251116201613,3,3,3,100.00,2025-11-17 10:48:26
20251116190623,49,44,49,100.00,2025-11-17 10:48:26
20251116151630,39,37,37,100.00,2025-11-17 10:48:26
20251116100311,27,27,27,100.00,2025-11-17 10:48:27
20251116084059,4,4,4,100.00,2025-11-17 10:48:27
20251116062829,41,41,41,100.00,2025-11-17 10:48:27
20251116041921,25,23,24,95.83,2025-11-17 10:48:27
20251116031803,54,51,54,100.00,2025-11-17 10:48:27
20251115225631,49,49,49,100.00,2025-11-17 10:48:27
20251115202955,48,48,48,100.00,2025-11-17 10:48:27
20251115095441,53,42,53,100.00,2025-11-17 10:48:27
20251115062006,2,2,2,100.00,2025-11-17 10:48:27
20251115025717,17,14,14,100.00,2025-11-17 10:48:27
20251114210537,3,2,3,66.67,2025-11-17 10:48:27
20251114155907,43,43,43,100.00,2025-11-17 10:48:27
20251114145516,52,51,52,100.00,2025-11-17 10:48:27
20251114095846,54,54,54,100.00,2025-11-17 10:48:27
20251114025010,53,53,53,100.00,2025-11-17 10:48:27
20251113204234,14,14,14,100.00,2025-11-17 10:48:27
20251113173127,51,42,51,96.08,2025-11-17 10:48:27
20251117192421,1,1,1,100.00,2025-11-18 15:08:25
20251118005352,53,49,49,100.00,2025-11-18 15:03:18
20251119060934,53,32,53,60.38,2025-11-19 16:25:37
20251119045406,49,49,49,100.00,2025-11-19 16:25:37
20251120125127,49,49,49,100.00,2025-11-20 13:35:54
20251120070509,20,20,20,100.00,2025-11-20 13:35:54
20251120021430,50,48,50,100.00,2025-11-20 13:35:54
20251121143918,50,50,50,100.00,2025-11-21 16:41:49
20251121103102,8,5,8,87.50,2025-11-21 16:41:49
20251124042456,2,2,2,100.00,2025-11-25 16:11:21
20251124011622,0,0,0,0.00,2025-11-24 10:29:50
20251123233409,17,16,16,100.00,2025-11-25 16:11:24
20251123212223,51,47,48,97.92,2025-12-01 12:44:14
20251123163448,2,2,2,100.00,2025-12-02 19:57:37
20251123152517,23,0,23,0.00,2025-11-24 10:29:50
20251123142801,47,47,47,100.00,2025-12-02 19:57:51
20251123125608,50,0,50,0.00,2025-11-24 10:29:50
20251122232846,51,51,51,100.00,2025-12-02 19:57:47
20251122194915,48,0,48,0.00,2025-11-24 10:29:50
20251122184743,41,40,41,97.56,2025-12-02 19:57:44
20251122151906,1,0,1,0.00,2025-11-24 10:29:50
20251122134726,53,0,53,0.00,2025-11-24 10:29:50
20251122094114,2,0,2,0.00,2025-11-24 10:29:50
20251122065719,55,0,51,0.00,2025-11-24 10:29:50
20251122062304,48,0,48,0.00,2025-11-24 10:29:50
20251122011019,7,0,7,0.00,2025-11-24 10:29:50
20251121230407,18,18,18,100.00,2025-12-10 16:21:04
20251121215300,31,0,30,0.00,2025-11-24 10:29:50
20251121214516,17,17,17,100.00,2025-12-10 16:20:45
20251125111147,25,25,25,100.00,2025-11-25 16:11:03
20251125092811,41,28,41,97.56,2025-11-25 16:11:04
20251124171124,48,48,48,100.00,2025-11-25 16:11:04
20251127013807,66,66,66,100.00,2025-12-02 19:57:34
20251126205954,54,54,54,100.00,2025-12-02 16:30:13
20251126123032,0,0,0,0.00,2025-11-27 08:43:50
20251126104752,60,59,60,98.33,2025-11-27 08:43:50
20251126073737,51,51,51,100.00,2025-11-27 08:43:50
20251126063636,50,45,50,100.00,2025-11-27 08:43:50
20251125200545,38,38,38,100.00,2025-11-27 08:43:50
20251128055744,37,0,37,0.00,2025-11-28 08:16:04
20251128041040,49,0,49,0.00,2025-11-28 08:16:05
20251128012301,50,0,50,0.00,2025-11-28 08:16:05
20251127155517,17,0,17,0.00,2025-11-28 08:16:05
20251127143607,52,0,52,0.00,2025-11-28 08:16:05
20251127095236,49,0,49,0.00,2025-11-28 08:16:05
20251201113217,49,49,49,100.00,2025-12-10 16:21:47
20251201103407,48,48,48,100.00,2025-12-10 16:21:33
20251201052156,51,51,51,100.00,2025-12-10 16:21:26
20251201022713,7,7,7,100.00,2025-12-10 16:19:54
20251130213854,47,0,47,0.00,2025-12-01 12:40:55
20251130193258,48,0,48,0.00,2025-12-01 12:40:55
20251130183130,16,0,16,0.00,2025-12-01 12:40:55
20251130182651,34,0,34,0.00,2025-12-01 12:40:55
20251130114153,16,15,15,100.00,2025-12-10 16:20:05
20251130091752,51,0,51,0.00,2025-12-01 12:40:56
20251130041554,52,52,52,100.00,2025-12-10 16:21:18
20251130012350,36,0,35,0.00,2025-12-01 12:40:56
20251129231449,53,0,53,0.00,2025-12-01 12:40:56
20251129105439,48,0,48,0.00,2025-12-01 12:40:56
20251129053811,8,0,8,0.00,2025-12-01 12:40:56
20251129042748,53,0,53,0.00,2025-12-01 12:40:56
20251129022202,26,26,26,100.00,2025-12-10 16:20:14
20251129012148,53,0,53,0.00,2025-12-01 12:40:56
20251128174208,54,0,54,0.00,2025-12-01 12:40:56
20251128113211,48,0,48,0.00,2025-12-01 12:40:57
20251202145944,37,36,37,97.30,2025-12-04 09:16:42
20251202131936,53,52,52,100.00,2025-12-04 09:17:19
20251202062528,6,6,6,100.00,2025-12-04 09:17:27
20251202031153,53,52,53,98.11,2025-12-04 09:17:38
20251202014909,45,45,45,100.00,2025-12-04 09:47:52
20251201212843,43,42,43,97.67,2025-12-10 16:21:53
20251202200453,27,26,26,100.00,2025-12-04 09:16:41
20251204062223,52,52,52,100.00,2025-12-04 09:15:40
20251204023022,13,13,13,100.00,2025-12-04 09:15:41
20251204010013,50,48,50,100.00,2025-12-04 09:15:41
20251203224919,33,33,33,100.00,2025-12-04 09:15:42
20251203215306,53,32,53,98.11,2025-12-04 09:15:42
20251203203802,49,49,49,100.00,2025-12-04 09:15:42
20251203152813,29,29,29,100.00,2025-12-04 09:15:43
20251203142230,53,53,53,100.00,2025-12-04 09:15:43
20251203115026,53,53,53,100.00,2025-12-04 09:15:44
20251203053454,3,3,3,100.00,2025-12-04 09:15:44
20251203034840,14,13,14,100.00,2025-12-04 09:15:44
20251203010340,15,14,14,100.00,2025-12-04 09:15:45
20251202230440,4,1,4,75.00,2025-12-04 09:15:45
20251202223952,52,44,52,98.08,2025-12-04 09:15:45
20251202213706,46,46,46,100.00,2025-12-04 09:15:46
20251204070215,44,0,44,0.00,2025-12-08 15:29:10
20251208154033,50,50,50,100.00,2025-12-09 14:42:26
20251208181029,53,52,53,98.11,2025-12-08 19:22:46
20251208225920,52,50,52,96.15,2025-12-09 09:43:38
20251208203430,5,4,5,100.00,2025-12-09 09:43:39
20251209134644,4,0,4,0.00,2025-12-09 14:36:54
20251209114629,53,0,53,0.00,2025-12-09 14:36:54
20251209160524,49,49,49,100.00,2025-12-09 16:42:29
20251209143441,29,22,26,84.62,2025-12-09 16:42:29
20251210032522,54,54,54,100.00,2025-12-10 09:31:10
20251210013839,12,12,12,100.00,2025-12-10 09:31:10
20251209215131,53,41,53,100.00,2025-12-10 09:31:10
20251210144447,50,50,50,100.00,2025-12-10 15:04:43
20251210133615,50,47,50,100.00,2025-12-10 15:04:43
20251210101752,36,36,36,100.00,2025-12-10 15:04:43
20251211092256,30,30,30,100.00,2025-12-11 16:05:28
20251211091608,20,20,20,100.00,2025-12-11 16:01:32
20251210224221,9,0,9,0.00,2025-12-11 13:58:53
20251210200532,40,40,40,100.00,2025-12-11 13:58:53
20251211140522,3,3,3,100.00,2025-12-11 16:39:39
20251211153318,8,8,8,100.00,2025-12-11 16:39:37
20251212113022,20,0,20,0.00,2025-12-12 11:36:58
20251212094851,53,52,53,100.00,2025-12-12 11:36:58
20251212031908,2,2,2,100.00,2025-12-12 11:36:58
20251212013509,8,3,8,87.50,2025-12-12 11:36:58
20251212011431,54,43,54,100.00,2025-12-12 11:36:58
20251211193246,53,53,53,100.00,2025-12-12 11:36:58
20251211171352,23,23,23,100.00,2025-12-12 11:36:58
20251214110543,49,49,49,100.00,2025-12-14 14:01:45
20251214031312,20,20,20,100.00,2025-12-14 14:01:45
20251214021758,53,43,53,98.11,2025-12-14 14:01:45
20251214011353,53,53,53,100.00,2025-12-14 14:01:45
20251213231751,3,3,3,100.00,2025-12-14 14:01:45
20251213225433,12,11,12,100.00,2025-12-14 14:01:45
20251213192224,52,52,52,100.00,2025-12-14 14:01:45
20251213173556,51,51,51,100.00,2025-12-14 14:01:45
20251213151740,23,20,23,100.00,2025-12-14 14:01:45
20251213114853,52,51,52,100.00,2025-12-14 14:01:45
20251213035314,4,1,4,50.00,2025-12-14 14:01:45
20251212225438,51,51,51,100.00,2025-12-14 14:01:45
20251212213721,7,7,7,100.00,2025-12-14 14:01:45
20251212171737,49,47,49,100.00,2025-12-14 14:01:45
20251215131605,19,19,19,100.00,2025-12-15 14:03:24
20251215121418,50,49,50,98.00,2025-12-15 14:03:25
20251215075616,51,51,51,100.00,2025-12-15 14:03:25
20251215065547,50,37,50,96.00,2025-12-15 14:03:25
20251215021615,11,11,11,100.00,2025-12-15 14:03:25
20251214215918,50,32,50,100.00,2025-12-15 14:03:25
20251214180330,50,50,50,100.00,2025-12-15 14:03:25
20251218092526,54,54,54,100.00,2025-12-18 10:41:08
20251218020355,5,5,5,100.00,2025-12-18 10:41:09
20251217235425,10,10,10,100.00,2025-12-18 10:41:09
20251217225216,55,54,55,100.00,2025-12-18 10:41:09
20251217145019,51,51,51,100.00,2025-12-18 10:41:09
20251217133204,53,45,53,100.00,2025-12-18 10:41:09
20251217110229,36,34,36,97.22,2025-12-18 10:41:09
20251217091423,47,47,47,100.00,2025-12-18 10:41:09
20251217063649,53,39,53,92.45,2025-12-18 10:41:09
20251216224952,54,54,54,100.00,2025-12-18 10:41:09
20251216192043,53,52,53,100.00,2025-12-18 10:41:09
20251216135758,49,49,49,100.00,2025-12-18 10:41:09
20251216011603,47,47,47,100.00,2025-12-18 10:41:09
20251215235240,7,7,7,100.00,2025-12-18 10:41:09
20251215225528,54,31,54,94.44,2025-12-18 10:41:09
20251219110237,52,52,52,100.00,2025-12-19 16:06:57
20251218214005,4,4,4,100.00,2025-12-19 16:06:57
20251218205927,47,46,47,100.00,2025-12-19 16:06:57
20251218185901,47,38,47,100.00,2025-12-19 16:06:57
20251218171155,47,46,47,100.00,2025-12-19 16:06:57
20251221103937,43,43,43,100.00,2025-12-21 13:14:26
20251221100706,54,53,54,98.15,2025-12-21 13:14:26
20251221091850,23,22,23,95.65,2025-12-21 13:14:26
20251221044303,49,49,49,100.00,2025-12-21 13:14:26
20251221011403,54,51,54,100.00,2025-12-21 13:14:26
20251220212338,2,2,2,100.00,2025-12-21 13:14:26
20251220140430,3,3,3,100.00,2025-12-21 13:14:26
20251220131023,24,24,24,100.00,2025-12-21 13:14:26
20251220101715,52,52,52,100.00,2025-12-21 13:14:26
20251220061601,51,51,51,100.00,2025-12-21 13:14:26
20251220012128,47,46,47,100.00,2025-12-21 13:14:26
20251219225856,55,55,55,100.00,2025-12-21 13:14:26
20251219193247,51,51,51,100.00,2025-12-21 13:14:26
20251221175059,54,54,54,100.00,2025-12-21 19:06:40
20251221191513,54,54,54,100.00,2025-12-21 20:26:16
20251222021738,52,52,52,100.00,2025-12-22 13:01:09
20251222014007,47,47,47,100.00,2025-12-22 13:01:09
